;id_representante_legal;nombre_representante_legal;id_tipo_documento;numero_identificacion
;1;Alvaro Henriquez Medrano;1;null
;2;Maria Isabel Valenzuela Benitez;1;null
;3;Guillermo Alberto Cuello Gieseken;1;null
;4;Eduardo Enrique Caballero Avila;1;null
;5;Ivan Alberto Jimenez Aguirre;1;null
;6;Roberto Carlo Donado Arce;1;null
;7;Eduardo Santos Martinez;1;null
;8;Fabiam Alvarado Paternina;1;null
;9;Carlos Joaquin Puche Lizarazo;1;null
;10;Ismael Enrique Gomez Prada;1;null
;11;Carlos Alberto Rozo Nader;1;null
;12;EMIRO CARLOS BARGUIL CUBILLOS;1;null
;13;CARLOS KARLO COTES MADERA;1;null
;14;CARLOS JOSÉ MARTÍNEZ HERNÁNDEZ;1;null
;15;IVAN ENRIQUE STEVENSON DEL VECCHIO;1;null
;16;CARMELO FAILLACE SAID;1;null
;17;SANTIAGO ANDRES DOMINGUEZ CAÑA;1;null
;18;ALVARO HERNANDO CALDERON TORO;1;null
;19;LUIS FRANCISCO OVALLE LLINAS;1;null
;20;CARLOS FRANCISCO DIAZGRANADOS;1;null
;21;JOSE JULIAN SAADE CURE;1;null
;22;NUNO TELMO CIPRIANO VIANA ABRANCHES;1;null
;23;Cristian David Jimenez Yejas;1;null
;24;Jairo Contreras Rincon;1;null
;25;Eduardo Santos;1;null
;26;Adalberto Vivero Coronel;1;null
;27;Jose Maria Vecino Villarreal;1;null
;28;Andres Felipe Sorzano;1;null
;29;Rafi Farh Carbonell;1;null
;30;"Antonio Escorcia;";1;null
;31;"Reynaldo Yali Diaz;";1;null
;32;Guillermo Cuello Gieseken;1;null
;33;"Roberto Carlo Donado Arce;";1;null
;34;Francisco Dominguez Cuellar;1;null
;35;Ingrid Nathali Torres Cortés;1;null
;36; OLEARIS ALONSO HERNÁNDEZ ORELLANO ;1;null
;37; GUILLERMO ALBERTO CUELLO GIESEKE ;1;null
;38; LUIS CARLOS PEREZ MENDEZ ;1;null
;39; ANDRES FELIPE ROMERO SANJUAN ;1;null
;40;JOSE MARIA VECINO VILLAREAL;1;null
;41;JESUS ARMANDO CERVANTES CEBALLOS;1;null
;42;SAUL RINCON VILLAMIZAR;1;null
;43;Rodrigo Velez Gomez;1;null
;44;Luis Eduardo Barrios Lopez ;1;null
;45;Pedro Jorge Da Costa Ferreira Teixeira;1;null
;46;Luis Eduardo Bencardino Calderon;1;null
;47;Ivan Jimenez Aguirre;1;null
;48;LILIANA RAMIREZ SIERRA;1;null
;49;ANDRES HERNAN QUINCHAENGUA PINEDA;1;null
;50;JAVIER ANDRES TORRES MORE;1;null
;51;ANA LUCILA GOMEZ ARTEAGA;1;null
;52;ENETH TALINA AVENDAÑO PACHECO;1;null
;53;Carlos Fernando Lemus Santana;1;null
;54;Sandy Molina Villanueva;1;null
;55;STEPHANY MARTELO;1;null
;56;ALEXANDER DE BEDOUT;1;null
;57;Fernando Prada Monsalve;1;null
;58;Luis Fernando Leguizamo;1;null
