id_proyecto,nombre_proyecto,direccion,id_programa,id_proyecto_estado,id_proyecto_subestado,coordenada_x,coordenada_y;;;;;;;;;;;;
;;;;;;;;;;;;
id_proyecto;dependencia;id_dependencia;nombre_proyecto;id_programa;nombre_programa;id_proyecto_estado;proyecto_estado;id_proyecto_subestado;proyecto_subestado;direccion;x;y
1;Obras Públicas;6;BAO_VII_2429_M1;3;Barrios a la obra ;4;Postcontractual;9;Terminado;-;-74,78333333;10,94211111
2;Obras Públicas;6;BAO_VII_2429_M2;3;Barrios a la obra ;4;Postcontractual;9;Terminado;-;-74,83602778;10,97838889
3;Obras Públicas;6;BAO_VII_2429_M3;3;Barrios a la obra ;4;Postcontractual;9;Terminado;-;-74,82780556;10,944
4;Obras Públicas;6;BAO_VII_2429_M4;3;Barrios a la obra ;4;Postcontractual;9;Terminado;-;-74,79686111;10,96494444
5;Obras Públicas;6;BAO_VII_2429_M5;3;Barrios a la obra ;4;Postcontractual;9;Terminado;-;-74,79258333;10,99408333
6;Obras Públicas;6;BAO_VII_2429_M6;3;Barrios a la obra ;4;Postcontractual;9;Terminado;-;-74,79063889;10,98408333
7;Obras Públicas;6;BAO_VII_2429_M7;3;Barrios a la obra ;4;Postcontractual;9;Terminado;-;-74,83141204;10,98153825
8;Obras Públicas;6;BAO_VII_2429_M8;3;Barrios a la obra ;4;Postcontractual;9;Terminado;-;-74,80514167;10,93059722
9;Obras Públicas;6;BAO_VII_2429_M9;3;Barrios a la obra ;4;Postcontractual;9;Terminado;-;-74,80376389;10,92248611
10;Obras Públicas;6;BAO_VII_2429_M10;3;Barrios a la obra ;4;Postcontractual;9;Terminado;-;-74,78708889;10,94159444
11;Obras Públicas;6;BAO_VII_2429_M11;3;Barrios a la obra ;4;Postcontractual;9;Terminado;-;-74,79334722;10,93343611
12;Obras Públicas;6;BAO_VII_2429_M12;3;Barrios a la obra ;4;Postcontractual;12;Liquidado;-;-74,81055;10,92756944
13;Obras Públicas;6;BAO_VIII_0002_M1;3;Barrios a la obra ;3;Contractual;7;En_Ejecución;-;-74,81744444;11,02318611
14;Obras Públicas;6;BAO_VIII_0002_M2;3;Barrios a la obra ;3;Contractual;7;En_Ejecución;-;-74,82229167;11,02207778
15;Obras Públicas;6;BAO_VIII_0002_M3;3;Barrios a la obra ;3;Contractual;7;En_Ejecución;-;-74,85892222;10,95884167
16;Obras Públicas;6;BAO_VIII_0002_M4;3;Barrios a la obra ;3;Contractual;7;En_Ejecución;-;-74,77976542;10,96410245
17;Obras Públicas;6;BAO_VIII_0002_M5;3;Barrios a la obra ;3;Contractual;7;En_Ejecución;-;-74,79299722;10,94305278
18;Obras Públicas;6;BAO_VIII_0002_M6;3;Barrios a la obra ;3;Contractual;7;En_Ejecución;-;-74,82960833;10,96256389
19;Obras Públicas;6;BAO_VIII_0002_M7;3;Barrios a la obra ;3;Contractual;7;En_Ejecución;-;-74,86514167;10,95898611
20;Obras Públicas;6;BAO_VIII_0002_M8;3;Barrios a la obra ;3;Contractual;7;En_Ejecución;-;-74,78822778;10,95260556
21;Obras Públicas;6;BAO_VIII_0002_M9;3;Barrios a la obra ;3;Contractual;7;En_Ejecución;-;-74811994;10943792
22;Obras Públicas;6;BAO_IX_VN_M1;3;Barrios a la obra ;3;Contractual;7;En_Ejecución;-;-74,86169167;10,93968333
23;Obras Públicas;6;BAO_IX_VN_M2;3;Barrios a la obra ;3;Contractual;7;En_Ejecución;-;-74,83341389;10,94809167
24;Obras Públicas;6;BAO_IX_VN_M3;3;Barrios a la obra ;3;Contractual;7;En_Ejecución;-;-74,82017778;10,925025
25;Obras Públicas;6;BAO_IX_VN_M4;3;Barrios a la obra ;3;Contractual;7;En_Ejecución;-;-74,81907222;10,94678889
26;Obras Públicas;6;BAO_IX_VN_M5;3;Barrios a la obra ;3;Contractual;7;En_Ejecución;-;-74,81285833;10,92600833
27;Obras Públicas;6;Concha Acústica CONIDEC;6;Conchas Acústicas;4;Postcontractual;9;Terminado;C 49 K 5B Sur;-74,81826944;10,96459167
28;Obras Públicas;6;Gran Malecón de Sur Oriente - Losa Canal;17;Malecón de Sur Oriente;3;Contractual;7;En_Ejecución;Arroyo rebolo de la 30 a la 8;-74,83860545;10,97846253
29;Obras Públicas;6;Gran Malecón de Sur Oriente - Losa Canal 2;17;Malecón de Sur Oriente;3;Contractual;7;En_Ejecución;;-74,85695556;10,95913056
30;Obras Públicas;6;MP - Mercado EPM;23;Plazas de Mercado;4;Postcontractual;9;Terminado;Cl 30 44  100;-74,89185278;10,95803056
31;Obras Públicas;6;MP - Mercado de Granos;23;Plazas de Mercado;3;Contractual;7;En_Ejecución;Cra 40 28 04;-74,78409444;10,95936667
32;Obras Públicas;6;CAI Santa Maria;4;CAI;4;Postcontractual;11;Entregado;Cra. 1 sur No. 91 esquina ;-74,78312107;10,95329253
33;Obras Públicas;6;CAI La Paz;4;CAI;4;Postcontractual;11;Entregado;Cra. 13 No. 106 esquina ;-74,83068056;10,98264722
34;Obras Públicas;6;CAI Santo Domingo;4;CAI;4;Postcontractual;11;Entregado;Cra. 2 No. 62 esquina;-74,81597778;10,93636944
35;Obras Públicas;6;Intercambiador_Alameda_CRA43;18;Malla Vial;3;Contractual;7;En_Ejecución;;-74,82688333;10,982375
36;Gerencia de Ciudad ;3;Seguridad_2025_Estación El Bosque;12;Estaciones;;;;;Cordialidad #calle 60B -110;-74,79522222;10,93044722
37;Gerencia de Ciudad ;3;Seguridad_2025_Estación Caribe Verde;12;Estaciones;;;;;Avenida Caribe Verde 120 #11 d 02;-74,81261389;10,94841667
38;Gerencia de Ciudad ;3;Seguridad_2025_Estación Riomar;12;Estaciones;;;;;Calle 94 Cra 56 esquina;-74,78675556;10,94898889
39;Gerencia de Ciudad ;3;Seguridad_2025_Estación Rebolo;12;Estaciones;;;;;Cra 26 # 24-71;-74,77395278;10,95761667
40;Gerencia de Ciudad ;3;Seguridad_2025_CAI La Victoria;4;CAI;;;;;Av. Murillo cra 10e;-74,82088889;10,9284
41;Gerencia de Ciudad ;3;Seguridad_2025_CAI La Alboraya;4;CAI;;;;;Calle 41b # 8-52;;
42;Gerencia de Ciudad ;3;Seguridad_2025_CAI El Limon;4;CAI;;;;;Calle 33c # 05-5D;-74,81943056;10,92460556
43;Gerencia de Ciudad ;3;Seguridad_2025_Escuela calle 17;19;Mantenimeinto y adecuacion;;;;;Calle 17 # 7d;;
44;Gerencia de Ciudad ;3;Seguridad_2025_Red de apoyo (CAD);19;Mantenimeinto y adecuacion;;;;;;45372;
45;Gerencia de Ciudad ;3;Seguridad_2025_Centro Local de Analisis Criminar (CELAC);19;Mantenimeinto y adecuacion;;;;;;;
46;Gerencia de Ciudad ;3;Seguridad_2025_Interpol;19;Mantenimeinto y adecuacion;;;;;;-74,79178056;10,95044167
47;Gerencia de Ciudad ;3;Seguridad_2025_Celdas en la Estacion Norte;19;Mantenimeinto y adecuacion;;;;;;-74,77758202;10,94247181
48;Gerencia de Ciudad ;3;Museo de Arte Moderno de Barranquilla (MAMBAQ);9;Edificaciones culturales ;3;Contractual;7;En_Ejecución;Cl 36 46 66;-74,7911363;10,93773048
49;EDUBAR;2;Ecoparque Mallorquin-2435 - UF-1;8;EcoParque Mallonquín;4;Postcontractual;9;Terminado;;-74,83360085;10,97646055
50;EDUBAR;2;Ecoparque Mallorquin-0698 - UF-2;8;EcoParque Mallonquín;4;Postcontractual;9;Terminado;;-74,81870634;10,96810993
51;EDUBAR;2;Ecoparque Mallorquin-2435 - Tren Tajamar;26;Tren Turistico;4;Postcontractual;9;Terminado;;-74,7774834;10,94460148
52;EDUBAR;2;Playa de Puerto Mocho (Playa 2);22;Recuperación Playas de Puerto Mocho;4;Postcontractual;9;Terminado;;-74,77823219;10,94277974
53;EDUBAR;2;Playa de Puerto Mocho - Adición No.1 (playa 1);22;Recuperación Playas de Puerto Mocho;4;Postcontractual;9;Terminado;;-74,829017;10,939278
54;EDUBAR;2;MP-2989 - Mercado Tajamar;23;Plazas de Mercado;4;Postcontractual;11;Entregado;calle 106 con 111;-74,8040632;10,93186287
55;EDUBAR;2;MP-2989 - Mercado Sredni;23;Plazas de Mercado;4;Postcontractual;11;Entregado;calle 38 con 43;-74,805534;10,923495
56;EDUBAR;2;MP-2989 - Mercado Del Rio;23;Plazas de Mercado;3;Contractual;7;En_Ejecución;;-74,807135;10,960249
57;EDUBAR;2;MP-2989 - Mercado La Magola;23;Plazas de Mercado;4;Postcontractual;11;Entregado;cra 42B entre calles 31 y 33;-7477212500;10.955128°
58;EDUBAR;2;MP-2989 - Parqueadero Multiproposito Barlovento;23;Plazas de Mercado;4;Postcontractual;11;Entregado;C 9A 46A 115;-74,801965;10,932651
59;EDUBAR;2;MP-2989 - Mercado Gran Bazar;23;Plazas de Mercado;4;Postcontractual;11;Entregado;C 9 41N 52;-74,818121;10,979363
60;EDUBAR;2;MP-2989-Mercado de EPM;23;Plazas de Mercado;4;Postcontractual;11;Entregado;C 30 44 100;-74,819485;10,931673
61;EDUBAR;2;MP-2989-Mercado El Playon;23;Plazas de Mercado;3;Contractual;7;En_Ejecución;C 30 41A 44;-74,81439951;10,93944905
62;EDUBAR;2;TEU-2438 - Carrera 53;27;Tranformación de Entornos Urbanos;3;Contractual;8;Suspendido;carrera 53 entre calles 80 a la 87;-74,78764411;10,94754859
63;EDUBAR;2;TEU-2438 - Malecon UF3;27;Tranformación de Entornos Urbanos;4;Postcontractual;11;Entregado;Gran Malecon del Rio UF3;-74,78347958;10,96012034
64;EDUBAR;2;TEU-2438 - Centro Urbano Comunitario Barlovento;27;Tranformación de Entornos Urbanos;4;Postcontractual;11;Entregado;Carrera 50 con calle 9A;-74,80083198;10,92461081
65;EDUBAR;2;TEU-2438 - Plaza de Pescado;27;Tranformación de Entornos Urbanos;4;Postcontractual;11;Entregado;Carrea 42 # 7-39;-74,86960947;11,02321035
66;EDUBAR;2;TEU-2438 - Callejon de Robertico ;27;Tranformación de Entornos Urbanos;4;Postcontractual;11;Entregado;Calle 30 # 42-15;-74,7967476;10,93104217
67;EDUBAR;2;TEU-2438 - Callejon del Meao;27;Tranformación de Entornos Urbanos;4;Postcontractual;11;Entregado;cra 42B entre calles 31 y 33;-74,80198094;10,95656316
68;EDUBAR;2;TEU-2438 - Centro urbano comunitario las Americas;27;Tranformación de Entornos Urbanos;4;Postcontractual;11;Entregado;Cra 3C # 52B- 141;-74,89452986;10,95569943
69;EDUBAR;2;Recuperación Caños - Recuperación Integral Caño de la Ahuyama;1;Agua potable y saneamiento básico;3;Contractual;7;En_Ejecución;-;-74,803003;10,931181
70;EDUBAR;2;Escenarios - Pista de Ciclomontañismo;11;Escenarios deportivos ;4;Postcontractual;11;Entregado;-;-74,83216934;10,98726525
71;EDUBAR;2;InfraEducativa-3691 - IE Reuven [Construcción];5;Colegios ;3;Contractual;7;En_Ejecución;Cra 1B # 46G - 18;-74,85738;10,960361
72;EDUBAR;2;InfraEducativa-3691 - IE Jose Eusebio Caro [Construcción];5;Colegios ;3;Contractual;7;En_Ejecución;Cra 33 # 45 - 125;-74,83241024;10,95062526
73;EDUBAR;2;InfraEducativa-3691 - IE Juan Jose Rondon [Construcción];5;Colegios ;3;Contractual;7;En_Ejecución;Cra 25B # 68 - 20;-74,821918;10,969026
74;EDUBAR;2;InfraEducativa-3691 - IE Carrizal [Construcción];5;Colegios ;3;Contractual;7;En_Ejecución;Calle 50D 3 31A - 37;-74,82700257;11,0412195
75;EDUBAR;2;InfraEducativa-3691 - IE Mayor de Barranquilla [Construcción];5;Colegios ;3;Contractual;7;En_Ejecución;Calle 47 # 44 - 97 ;-74,865668;11,032723
76;EDUBAR;2;InfraEducativa-3691 - IE Jorge Nicolas Abello sede 2 [Cocina];5;Colegios ;3;Contractual;7;En_Ejecución;Calle 64 # 25 - Esq;-74,820178;10,932889
77;EDUBAR;2;InfraEducativa-3691 - Ideth Sede 2 [Cocina];5;Colegios ;3;Contractual;7;En_Ejecución;Cra 28 # 63b - 87;-74,82805712;10,94478829
78;EDUBAR;2;InfraEducativa-3691 - IE Insteco Sede 2 [Cocina];5;Colegios ;3;Contractual;7;En_Ejecución;Cl 39 # 38 -63;-74,834842;10,998261
79;EDUBAR;2;InfraEducativa-3691 - IE La Libertad [Cocina];5;Colegios ;3;Contractual;7;En_Ejecución;Cra 26A # 74B - 139;-74,77829797;10,98917354
80;EDUBAR;2;InfraEducativa-3691 - IE Insteco Sede 1 [Cocina];5;Colegios ;3;Contractual;7;En_Ejecución;Cl 47 # 42 - 60;-74,825894;10,965281
81;EDUBAR;2;InfraEducativa-3691 - IE Sonia Ahumada [Cocina];5;Colegios ;3;Contractual;7;En_Ejecución;Cra 12A #94 - 75;-74,81099542;10,93138913
82;EDUBAR;2;InfraEducativa-3691 - IE Nuestra Señora de las Nieves [Cocina];5;Colegios ;3;Contractual;7;En_Ejecución;Cra 10 # 23 - 13;-74,782225;10,989911
83;EDUBAR;2;InfraEducativa-3691 - IE Ciudadela Estudiantil [Cocina];5;Colegios ;3;Contractual;7;En_Ejecución;Cra 1A # 47 - 49;-74,80673072;10,9951123
84;EDUBAR;2;InfraEducativa-3691 - IE Simón Bolivar [Cocina];5;Colegios ;3;Contractual;7;En_Ejecución;Cra 5A # 19 - 15;-74,80633923;11,02432616
85;EDUBAR;2;InfraEducativa-3691 - IE Carlos Meisel [Cocina];5;Colegios ;3;Contractual;7;En_Ejecución;Cl 74 # 24 -139;-74,79897544;10,97427414
86;EDUBAR;2;InfraEducativa-3691 - IE Santa María [Cocina];5;Colegios ;3;Contractual;7;En_Ejecución;Cra. 5 Sur #78b- 80;-74,78611196;10,98117676
87;EDUBAR;2;InfraEducativa-3691 - IE Santa Magdalena Sofía[Cocina];5;Colegios ;3;Contractual;7;En_Ejecución;Cl. 84b #76-17;-74,89529705;10,95476467
88;EDUBAR;2;InfraEducativa-3691 - IE Hilda Muñoz[Cocina];5;Colegios ;3;Contractual;7;En_Ejecución;CL. 70C # 24B - 24;-74,78739007;10,94542672
89;EDUBAR;2;InfraEducativa-3691 - IE CODEBA[Cocina];5;Colegios ;3;Contractual;7;En_Ejecución; Cl. 68 #47-64;-74,80844616;10,97388888
90;EDUBAR;2;InfraEducativa-3691 - IE Salvador Entregas[Cocina];5;Colegios ;3;Contractual;7;En_Ejecución;CL 58 20 B 40;-74,829011;10,978194
91;EDUBAR;2;InfraEducativa-3691 - IE Hogar Mariano [Cocina];5;Colegios ;3;Contractual;7;En_Ejecución;KR 14 58 36;-74,788147;11,015061
92;EDUBAR;2;InfraEducativa-3691 - IE Maria Inmaculada [Cocina];5;Colegios ;3;Contractual;7;En_Ejecución;KR 29 70 B 60;-74,832956;10,975847
93;EDUBAR;2;InfraEducativa-3691 - IE Mayor de Barranquilla [Cocina];5;Colegios ;3;Contractual;7;En_Ejecución;Calle 47 # 44 - 97 ;-74,79270689;10,94754919
94;EDUBAR;2;InfraSalud-1893 - CAMINO Nuevo Barranquilla;14;Hospital;4;Postcontractual;9;Terminado;Calle 33 #33-09;;
95;EDUBAR;2;InfraSalud-1893 - PASO San Camilo;24;Pasos;4;Postcontractual;9;Terminado;;-74,83422222;10,96133333
96;EDUBAR;2;Escenarios - Mantenimiento Escenarios Deportivos;11;Escenarios deportivos ;4;Postcontractual;9;Terminado;-;-74,82819444;10,93575
97;EDUBAR;2;MejoramientoViviendas-0003 - Módulo 1;20;Mejoramiento de viviendas;3;Contractual;7;En_Ejecución;-;-74,82111111;10,96086111
98;EDUBAR;2;MejoramientoViviendas-0003 - Módulo 2;20;Mejoramiento de viviendas;3;Contractual;7;En_Ejecución;-;;
99;EDUBAR;2;MejoramientoViviendas-0003 - Módulo 3;20;Mejoramiento de viviendas;3;Contractual;7;En_Ejecución;-;;
100;EDUBAR;2;MejoramientoViviendas-0003 - Módulo 4;20;Mejoramiento de viviendas;3;Contractual;7;En_Ejecución;-;-74,78822222;11,01508333
101;EDUBAR;2;MejoramientoViviendas-0003 - Módulo 5;20;Mejoramiento de viviendas;3;Contractual;7;En_Ejecución;-;;
102;EDUBAR;2;MejoramientoViviendas-0003 - Módulo 6;20;Mejoramiento de viviendas;3;Contractual;7;En_Ejecución;-;;
103;EDUBAR;2;MejoramientoViviendas-0003 - Módulo 7;20;Mejoramiento de viviendas;3;Contractual;7;En_Ejecución;-;-74,85461111;11,03047222
104;EDUBAR;2;MejoramientoViviendas-0003 - Módulo 8;20;Mejoramiento de viviendas;3;Contractual;7;En_Ejecución;-;;
105;EDUBAR;2;Mantenimiento de estaciones (Transmetro), portal de soledad y estación de retorno joe arroyo de transmetro;25;SITP;4;Postcontractual;9;Terminado;-;-74,85461111;11,03047222
106;EDUBAR;2;InfraEducativa-4513 - IED Sofia Camargo de Lleras sede 1- FASE 1[Construcción];5;Colegios ;3;Contractual;7;En_Ejecución;CALLE 53D # 21- 36;;
107;EDUBAR;2;InfraEducativa-4513 - IED Sofia Camargo de Lleras sede 1- FASE 2[Construcción];5;Colegios ;3;Contractual;7;En_Ejecución;CALLE 53D # 21- 36;-74,76802778;10,99108333
108;EDUBAR;2;InfraEducativa-4513 - IED Sofia Camargo de Lleras sede 1- FASE 3[Construcción];5;Colegios ;3;Contractual;7;En_Ejecución;CALLE 53D # 21- 36;-74,782243;10,9859
109;EDUBAR;2;InfraEducativa-4513 - IED Salvador Suarez Suarez [Construcción];5;Colegios ;3;Contractual;7;En_Ejecución; CARRERA 25B No 55 – 30;-74,782243;10,9859
110;EDUBAR;2;InfraEducativa-4513 - IED San Luis Sede Gardenias[Construcción];5;Colegios ;3;Contractual;7;En_Ejecución;CALLE 98C # 1E-99;-74,782243;10,9859
111;EDUBAR;2;InfraEducativa-4513 - IED La Américas [Construcción];5;Colegios ;3;Contractual;7;En_Ejecución;CARRERA 4A # 54C-06;-74,782243;10,9859
112;EDUBAR;2;InfraEducativa-4513 - IED INSTECO sede 2 [Construcción];5;Colegios ;3;Contractual;7;En_Ejecución;CALLE 40 # 38-50;-74,83244896463150;10,93348164
113;EDUBAR;2;InfraEducativa-4513 - IED María Inmaculada;5;Colegios ;3;Contractual;7;En_Ejecución;CARRERA 29 # 70B-60;-7,47673E+15;10,94719033
114;EDUBAR;2;InfraEducativa-4513 - IED Olaya;5;Colegios ;3;Contractual;7;En_Ejecución;CALLE 70b #27B-36;-7,4789E+15;10,9446312
115;EDUBAR;2;InfraEducativa-4513 - IED Fundación Pies Descalzos;5;Colegios ;3;Contractual;7;En_Ejecución;CL 14 17 80;-7,4828E+14;10,93640144
116;EDUBAR;2;InfraEducativa-4513 - IED Luis Carlos Galán Sarmiento;5;Colegios ;3;Contractual;7;En_Ejecución;KR 15 14 02;-7,48004E+15;10,93016305
117;EDUBAR;2;InfraEducativa-4513 - IED Mundo Bolivariano;5;Colegios ;3;Contractual;7;En_Ejecución;CL 98 7 F 07;-7,47744E+15;10,96649065
118;EDUBAR;2;InfraEducativa-4513 - IED Tierra Santa 2;5;Colegios ;3;Contractual;7;En_Ejecución;KR 6 E 60 13;-7,479E+15;10,96238958
119;EDUBAR;2;InfraEducativa-4513 - IED Buenos Aires;5;Colegios ;3;Contractual;7;En_Ejecución;CL 44 KR 5 B 46;-7,4791E+14;10,94876154
120;EDUBAR;2;InfraEducativa-4513 - IDEHUCA;5;Colegios ;3;Contractual;7;En_Ejecución;KR 68 71 41;-74,81255286;10,9398605
121;EDUBAR;2;InfraEducativa-4513 - IED El Pueblo;5;Colegios ;3;Contractual;7;En_Ejecución;CL 116 12 24;-74,82673294;10,97845304
122;EDUBAR;2;InfraEducativa-4513 - IED La Merced;5;Colegios ;3;Contractual;7;En_Ejecución;CL 57 30 23;-74,89336498;10,95572802
123;EDUBAR;2;InfraEducativa-4513 - IED Jorge Robledo;5;Colegios ;3;Contractual;7;En_Ejecución;KR 15 SUR 74 170;-74,83221965;10,9564144
124;EDUBAR;2;InfraEducativa-4513 - IED San Miguel Arcangel;5;Colegios ;3;Contractual;7;En_Ejecución;KR 23 11 37;-74,82793706;10,95852102
125;EDUBAR;2;InfraEducativa-4513 - IED Karl Parrish;5;Colegios ;3;Contractual;7;En_Ejecución;KR 27 45 277;-74,82660611;10,94841229
126;EDUBAR;2;InfraEducativa-4513 - IED Pablo Neruda[Construcción];5;Colegios ;3;Contractual;7;En_Ejecución;CARRERA 4A SUR #48-47;-74,78131355;10,96194442
127;EDUBAR;2;InfraEducativa-4513 - IED Carlos Meisel[Construcción];5;Colegios ;3;Contractual;7;En_Ejecución;CALLE 74 #24-139;-74,81840544;10,9332498
128;EDUBAR;2;InfraEducativa-4513 - IED Alfonso Lopez [Construcción];5;Colegios ;3;Contractual;7;En_Ejecución;CALLE 17 #26-45;-74,77341392;10,94771797
129;EDUBAR;2;InfraEducativa-4513 - IED Marco Fidel Suarez [Construcción];5;Colegios ;3;Contractual;7;En_Ejecución;CARRERA 6B # 36B-46;-74,77987238;10,94192757
130;EDUBAR;2;InfraEducativa-4513 - IED Sarid Arteta de Vasquez Sede 2 [Construcción];5;Colegios ;3;Contractual;7;En_Ejecución;CARRERA 18 # 47-72;-74,82146138;10,94356043
131;EDUBAR;2;InfraEducativa-4513 - IED La Magdalena;5;Colegios ;3;Contractual;7;En_Ejecución;CALLE 41 #7-07;-74,77741051;10,95377851
132;EDUBAR;2;InfraEducativa-4513 - IED Manuel Zapata Olivella;5;Colegios ;3;Contractual;7;En_Ejecución;CALLE 84 # 27 17;-74,78901315;10,97523711
133;EDUBAR;2;InfraEducativa-4513 - IED La Esmeralda;5;Colegios ;3;Contractual;7;En_Ejecución;CALLE 84b #13E-26;-74,81981921;10,9366117
134;EDUBAR;2;InfraEducativa-4513 - IED Castillo La Alboraya;5;Colegios ;3;Contractual;7;En_Ejecución;CALLE 41 # 8A-62;-74,83047619;11,03484744
135;EDUBAR;2;InfraEducativa-4513 - IED Villanueva;5;Colegios ;3;Contractual;7;En_Ejecución;CALLE  5 #42D - 24;-74,82665999;10,9794451
136;EDUBAR;2;Canalizacion Arroyo Calle 85;2;Arroyos ;3;Contractual;7;En_Ejecución;;-74,83190866;10,96776078
137;EDUBAR;2;Skatepark;11;Escenarios deportivos ;3;Contractual;7;En_Ejecución;Malecon del Rio ;-74,78623473;10,9858706
138;ADI;1;MallaVial-017 - Calle 30 [cra 46 y circunvalar];18;Malla Vial;4;Postcontractual;9;Terminado;Calle 30 entre Av. Circunvalar y carrera 46;-7,47931E+15;10,98588043
139;ADI;1;MallaVial-017 - Vía Circunvalar [cra 38 y cra 12A];18;Malla Vial;4;Postcontractual;9;Terminado;AVENIDA CIRCUNVALAR ENTRE CARRERAS 13 Y 38;-7,47781E+15;10,95887359
140;ADI;1;MallaVial-017 - Vía Cordialidad [Av.circunvalar y cra 23];18;Malla Vial;4;Postcontractual;9;Terminado;AV. CORDIALIDAD ENTRE AV. CIRCUNVALAR Y CARRERA 23;-7,48095E+15;10,9794072
141;ADI;1;Arroyos-1622 - Arroyo Cra 21;2;Arroyos ;3;Contractual;8;Suspendido;Carrera 21 entre calles 30 y 53D, Calle 47B entre carreras 21 y 20, Calle 37 con carrera 21 hasta la calle 40 con carrera 13C;-7,48072E+14;11,02363452
142;ADI;1;Arroyos-1622 - Arroyo Cra 65;2;Arroyos ;4;Postcontractual;9;Terminado;Entre carrera 45 con via 40 hasta calle 62 con carrera 45;-7,48151E+14;10,98839901
143;ADI;1;Arroyos-1622 - Arroyo Felicidad;2;Arroyos ;3;Contractual;8;Suspendido;Desde la Calle 48 con carrera 54 hasta la calle 57 con carrera 27;-7,48393E+15;10,97227775
144;ADI;1;Parques-VI - Parque las Estrellas ;21;Parques;4;Postcontractual;11;Entregado;K 36 Y 35B C 84 Y 87;-7,47812E+15;10,9423323
145;ADI;1;Parques-VI - Parque las Palmeras;21;Parques;4;Postcontractual;11;Entregado;C 46K K 3A;-7,48149E+15;11,0274433
146;ADI;1;Parques-VI - Parque Pequeños gigantes;21;Parques;4;Postcontractual;11;Entregado;C 46C y 46E K 16 SUR y 16A SUR;-7,48215E+15;10,93119152
147;ADI;1;Parques-VI - Parque El Limon 2;21;Parques;4;Postcontractual;11;Entregado;C 34 K 5C Y 6;-7,48203E+15;10,96392682
148;ADI;1;Parques-VI - Parque El Milagro ;21;Parques;3;Contractual;7;En_Ejecución;C 38 K 1H;-7,48114E+15;10,92474727
149;ADI;1;Parques-VI - Parque Concha Conidec;21;Parques;4;Postcontractual;11;Entregado;C 49 K 5B Sur;-7,48054E+14;10,98619266
150;ADI;1;Parques-VI - Parque karla Gonzalez - Argos;21;Parques;4;Postcontractual;9;Terminado;C 96 K72;-7,48082E+15;1,09746E+15
151;ADI;1;Parques-VI - Parque la Castellana - Argos;21;Parques;4;Postcontractual;11;Entregado;K 65 C 99;-7,48409E+14;10,97166978
152;ADI;1;Parques-VI - Parque Villas de San Pablo;21;Parques;4;Postcontractual;9;Terminado;C 134 K 9G;-7,48279E+15;10,93558837
153;ADI;1;Parques-VII - Grupo 1 Parque Malecon Sur Oriente;21;Parques;3;Contractual;7;En_Ejecución;K23 C28 - K27 C8;-7,48122E+15;10,96821468
154;ADI;1;Parques-VII - Grupo 2 Parque Unidad Deportiva la Magdalena;21;Parques;3;Contractual;7;En_Ejecución;K 6B C 35B;-7,48037E+15;11,02514888
155;ADI;1;Parques-VII - Grupo 3 Cancha De Minifutbol Ciudad Modesto;21;Parques;3;Contractual;9;Terminado;K 12A C 94;-7,48143E+15;1,10204E+16
156;ADI;1;Parques-VII - Grupo 3 Parque Productivo - Huerta Urbana Villas de San Pablo;21;Parques;3;Contractual;7;En_Ejecución;C 134 K 28;-7,48025E+15;1,09715E+16
157;ADI;1;Parques-VII - Grupo 3 Parque La Union II;21;Parques;3;Contractual;9;Terminado;K 16 C 31;-7,48072E+14;11,02363452
158;ADI;1;Parques-VII - Grupo 3 Parque Residual las Americas;21;Parques;3;Contractual;9;Terminado;K 4 C54;-7,48149E+14;1,0983E+15
159;ADI;1;Parques-VII - Grupo 4 Parque Villa Cordialidad;21;Parques;3;Contractual;7;En_Ejecución;C 73C K 13;-7,48135E+14;1,0984E+16
160;ADI;1;Parques-VII - Grupo 4 Parque Villa San Pedro;21;Parques;3;Contractual;9;Terminado;K 6P Y 6Q - C 102 Y 102A;-7,47762E+15;1,09534E+16
161;ADI;1;Parques-VII - Grupo 4 Parque Jorge Robledo Ortiz;21;Parques;3;Contractual;7;En_Ejecución;K 15 C 73 AV. Circunvalar;-7,47731E+15;1,0948E+16
162;ADI;1;Parques-VII - Grupo 4 Parque El 5 y 6;21;Parques;3;Contractual;7;En_Ejecución;K 6 C 74A;-7,47936E+15;1,09354E+16
163;ADI;1;Parques-VII - Grupo 4 Parque Roble Morado;21;Parques;3;Contractual;7;En_Ejecución;K 8 Sur C 50C;-7,47667E+15;1,09474E+16
164;ADI;1;Parques-VII - Grupo 5 Cancha Villa del Carmen;21;Parques;3;Contractual;7;En_Ejecución;C 73C K 13;-7,47895E+15;1,09446E+16
165;ADI;1;Parques-VII - Grupo 5 Parque La Pradera;21;Parques;3;Contractual;9;Terminado;C 114 Y 115 K 31;-7,47905E+15;1,0961E+16
166;ADI;1;Parques-VII - Grupo 5 Parque Bulevar Caribe Verde Fase 1;21;Parques;3;Contractual;7;En_Ejecución;C 110 K 9G;-7,48316E+15;1,0949E+16
167;ADI;1;Parques-VII - Grupo 5 Parque Juan Mina;21;Parques;3;Contractual;9;Terminado;VÍA 11 C 6;-7,47894E+15;1,09966E+16
168;ADI;1;Parques-VII - Grupo 5 Parque Virgencita de los Trupillos;21;Parques;3;Contractual;9;Terminado;K 21E C 27B;-7,48093E+15;1,09363E+16
169;ADI;1;Parques-VII - Grupo 5 Parque El Gusanito;21;Parques;3;Contractual;7;En_Ejecución;K 16A C 27B;-7,48078E+15;1,09315E+16
170;ADI;1;Parques-VII - Grupo 5 Parque Las 5 Estrellas;21;Parques;3;Contractual;7;En_Ejecución;C 84B K 37;-7,47873E+15;1,09834E+16
171;ADI;1;Parques-VII - Grupo 6 Parque Siete Bocas;21;Parques;3;Contractual;7;En_Ejecución;C 62 K 2 Y 2C TRANV. 1C;-74,88635339;10,9549434
172;ADI;1;Parques-VII - Grupo 6 Cancha Las Terrazas - Villa del Rosario;21;Parques;3;Contractual;9;Terminado;C 83A K 35;-7,48679E+15;1,10347E+15
173;ADI;1;Parques-VII - Grupo 6 Cancha los Tubos;21;Parques;3;Contractual;7;En_Ejecución;K 1C C41C;-7,48576E+15;1,09694E+15
174;ADI;1;Parques-VII - Grupo 6 Cancha el Brasil;21;Parques;3;Contractual;9;Terminado;TRANSV. 5C C 55C;-7,4793E+15;1,09784E+16
175;ADI;1;Parques-VII - Grupo 6 Parque La Solución;21;Parques;3;Contractual;7;En_Ejecución;C 32 K 7D;-7.477.652.474.858.360;10.986.738.065.258.200
176;ADI;1;Parques-VII - Grupo 7 Parque El Pekin -  La 16;21;Parques;3;Contractual;7;En_Ejecución;K 20 C 16;-748.290.548.058.624;1.098.300.189.205.640
177;ADI;1;Parques-VII - Grupo 7 Cancha La Monumental De Happy;21;Parques;3;Contractual;7;En_Ejecución;CALLE 78 CON CARRERA 9SUR;-7.479.609.803.139.230;10.942.597.394.034.100
178;ADI;1;Parques-VII - Grupo 7 Parque San Felipe;21;Parques;3;Contractual;9;Terminado;C 70C K 24B;-7.477.149.491.248.320;10.970.257.723.946.500
179;ADI;1;Parques-VII - Grupo 7 Cancha de Minifutbol 7 de Abril;21;Parques;3;Contractual;7;En_Ejecución; K 15 SUR 73 20;-7.478.885.627.556.960;10.998.144.256.695.100
180;ADI;1;Parques-VII - Grupo 7 Parque Los Trupillos 2;21;Parques;3;Contractual;7;En_Ejecución;K 21E C 27B;-7.478.864.820.039.440;10.998.223.932.687.900
181;ADI;1;Parques-VII - Grupo 7 Cancha Barranquilla;21;Parques;;;;;-0,005;-7.486.915.436.172.980;11.031.898.533.749.400
182;ADI;1;Parques-VII - Grupo 7 Parque Las Nieves II;21;Parques;3;Contractual;9;Terminado;K15 C24;-7.482.859.547.631.980;10.934.169.874.964.400
183;ADI;1;Parques-VII - Grupo 7 Parque Villa Campito;21;Parques;3;Contractual;9;Terminado;K10 C 36B;-74,782243;10,9859
184;ADI;1;Parque-VIII-Grupo 1 BULEVAR DE SIMON BOLIVAR;21;Parques;2;Precontractual;6;Perfeccionamiento_y_Legalización;C 19 K 1B Y 7C;-74,787551;10,986794
185;ADI;1;Parque-VIII-Grupo 1 PARQUE LAS DUNAS ;21;Parques;2;Precontractual;6;Perfeccionamiento_y_Legalización;CL 36A Y 36B C K 3B;-74,782512;10,92094
186;ADI;1;Parque-VIII-Grupo 1 CANCHA EL EDEN;21;Parques;2;Precontractual;6;Perfeccionamiento_y_Legalización;C 103 K 29 ;-74,782243;10,9859
187;ADI;1;Parque-VIII-Grupo 1 CANCHA LA ESMERALDA METRO BARRO ;21;Parques;2;Precontractual;6;Perfeccionamiento_y_Legalización;K 16 DIAGONAL 74-74A;-74,782512;10,92094
188;ADI;1;Parque-VIII-Grupo 1 CANCHA SANTA MARTA;21;Parques;2;Precontractual;6;Perfeccionamiento_y_Legalización;K 5C C 19;;
189;ADI;1;Parque-VIII-Grupo 1 CANCHA SIMON BOLIVAR;21;Parques;2;Precontractual;6;Perfeccionamiento_y_Legalización;K 4C Y 5 C 19 Y 23;;
190;ADI;1;Parque-VIII-Grupo 2 BULEVAR LAS GARDENIAS;21;Parques;2;Precontractual;6;Perfeccionamiento_y_Legalización;C 98C K1E 3C;;
191;ADI;1;Parque-VIII-Grupo 2 CANCHA SANTA CRUZ;21;Parques;2;Precontractual;6;Perfeccionamiento_y_Legalización;K 1B2 - CL 46J Y 46G ;;
192;ADI;1;Parque-VIII-Grupo 2 PARQUE LOS GIRASOLES;21;Parques;2;Precontractual;6;Perfeccionamiento_y_Legalización;K14 SUR CALLE 47A;;
193;ADI;1;Parque-VIII-Grupo 2 PARQUE LA CEIBA;21;Parques;2;Precontractual;6;Perfeccionamiento_y_Legalización;K 14 C 60;;
194;ADI;1;Parque-VIII-Grupo 2 CANCHA LA MONA;21;Parques;2;Precontractual;6;Perfeccionamiento_y_Legalización;;;
195;ADI;1;Parque-VIII-Grupo 2 CANCHA ROCA PIEDRA ;21;Parques;2;Precontractual;6;Perfeccionamiento_y_Legalización;C45 E K1J;;
196;ADI;1;"Parque-VIII-Grupo 2 CANCHA DE MICROFUTBOL ""SOCIEDAD DE CRISTO""";21;Parques;2;Precontractual;6;Perfeccionamiento_y_Legalización;K 26C4 C 79;;
197;ADI;1;Parque-VIII-Grupo 2 CANCHA SANTA MARIA ;21;Parques;2;Precontractual;6;Perfeccionamiento_y_Legalización;KR 3B SUR C 77;;
198;ADI;1;Parque-VIII-Grupo 2 PARQUE Y CANCHA EL PANA;21;Parques;2;Precontractual;6;Perfeccionamiento_y_Legalización;K 2G 53B 15;;
199;ADI;1;Parque-VIII-Grupo 2 PARQUE LAS PALMAS 2;21;Parques;2;Precontractual;6;Perfeccionamiento_y_Legalización;C 33 Y 33A K 8;;
200;ADI;1;Parque-VIII-Grupo 3 MALECON DE REBOLO - CALLE 30;21;Parques;3;Contractual;7;En_Ejecución;C 29 Y 30 K  21B;;
201;ADI;1;Parque-VIII-Grupo 3 ECOPARQUE METROPOLITANO;21;Parques;3;Contractual;;;C 46 Kk 12A SUR;;
202;ADI;1;Parque-VIII-Grupo 3 PARQUE URBANIZACIÓN LA PLAYA;21;Parques;3;Contractual;7;En_Ejecución;K 24 C 9 Y 9A;;
203;ADI;1;Parque-VIII-Grupo 3 PARQUE LOS MUÑECOS;21;Parques;3;Contractual;7;En_Ejecución;K 1B Y 1C C 42;;
204;ADI;1;Parque-VIII-Grupo 3 CANCHA CEVILLAR;21;Parques;3;Contractual;;;K 14 C 54;;
205;ADI;1;Parque-VIII-Grupo 3 CANCHA JUAN MINA ;21;Parques;3;Contractual;7;En_Ejecución;CL8 K7 ;;
206;ADI;1;Parque-VIII-Grupo 3 PARQUE PRADITO;21;Parques;3;Contractual;;;C 46A K 1C;;
207;ADI;1;Parque-VIII-Grupo 3 PARQUE CAMPO ALEGRE 3;21;Parques;3;Contractual;;;K 41A - CL 84B ;;
208;ADI;1;Parque-VIII-Grupo 3 PARQUE VILLAS DE SAN PABLO - EXTENCIÓN;21;Parques;3;Contractual;;;K 9G C 134;;
209;ADI;1;Parque-VIII-Grupo 3 CANCHA VILLA SAN PEDRO;21;Parques;3;Contractual;;;K 6P Y 6Q - C 102 Y 102A;;
210;ADI;1;Parque-VIII-Grupo 3 PARQUE LA ESMERALDA  - DIAGONAL 77 K21B;21;Parques;3;Contractual;;;DIAGONAL 77 K21B;;
211;ADI;1;Parque-VIII-Grupo 3 PLACITA LOS PESCADORES;21;Parques;3;Contractual;;;K 87 Y 88 C 109;;
212;ADI;1;Parque-VIII-Grupo 8 PARQUE CRISTO RESUCITADO - LA PLAYA;21;Parques;2;Precontractual;;;K 10 C 15;;
213;ADI;1;Parque-VIII-Grupo 3 ESPACIO RESIDUAL SANTA MARIA;21;Parques;3;Contractual;;;KR 1 CL 79;;
214;ADI;1;Parque-VIII-Grupo 3 PARQUE VILLA SAN PEDRO 1;21;Parques;3;Contractual;;;C 96A K 6C Y 6D ;;
215;ADI;1;Parque-VIII-Grupo 3 PARQUE MIRAMAR - CICLOMONTAÑISMO;21;Parques;3;Contractual;7;En_Ejecución;K 42F C99A;;
216;ADI;1;Parque-VIII-Grupo 4 PARQUE BARLOVENTO;21;Parques;3;Contractual;;;VIA 40 CON CARRERA 50;;
217;ADI;1;Parque-VIII-Grupo 4 PARQUE CIUDAD MODESTO 2;21;Parques;3;Contractual;7;En_Ejecución;K 13B C 84;;
218;ADI;1;Parque-VIII-Grupo 8 PARQUE Y CANCHA JHON JAIRO HURTADO;21;Parques;3;Contractual;7;En_Ejecución;K 1A C 50D Y 51;;
219;ADI;1;Parque-VIII-Grupo 8 PLAZA JARDÍN ÁGUILA - BARRIO ABAJO;21;Parques;3;Contractual;7;En_Ejecución;k 50B C 42;;
220;ADI;1;Parque-VIII-Grupo 8 PARQUE LOS MUSICOS;21;Parques;3;Contractual;;;C 72 K 46;;
221;ADI;1;Parque-VIII-Grupo 8 PARQUE SAN SALVADOR;21;Parques;3;Contractual;;;C 85 K 78D;;
222;ADI;1;Parque-VIII-Grupo 8 CANCHA LOS PINOS;21;Parques;3;Contractual;;;C 55 K 26;;
223;ADI;1;Parque-VIII-Grupo 8 PARQUE LOS ENAMORADOS;21;Parques;3;Contractual;;;C 45 K 41;;
224;ADI;1;Parque-VIII-Grupo 8 PARQUE LA PIÑUELA ;21;Parques;3;Contractual;;;C 8 K 5;;
225;ADI;1;Parque-VIII-Grupo 8 PARQUE TAYRONA;21;Parques;3;Contractual;;;K 7D C 32;;
226;ADI;1;Parque-VIII-Grupo 8 PARQUE SAN FELIPE;21;Parques;3;Contractual;;;C 68 Y 68B K 24B Y 24C;;
227;ADI;1;Parque-VIII-Grupo 8 PARQUE KALAMARY 1;21;Parques;3;Contractual;;; K 29 C 84A Y 85;;
228;ADI;1;Parque-VIII-Grupo 8 NORIA - MALECON DEL RIO;21;Parques;3;Contractual;7;En_Ejecución;VIA 40 CON CALLE 72;;
229;ADI;1;Parque-VIII-Grupo 8 EL EDEN II;21;Parques;3;Contractual;;;K 28 C 102A;;
230;ADI;1;Parque-VIII-Grupo 8 EL CAMPITO III;21;Parques;3;Contractual;;;C 36B K 8B;;
231;Siembra+;8;Huertas Comunitarias - Juan Mina;15;Huertas;3;Contractual;7;En_Ejecución;EL REPOSO LT 1;;
232;Siembra+;8;Huertas Comunitarias - La Paz;15;Huertas;4;Postcontractual;9;Terminado;CARRERA 12A CALLE 99D;;
233;Siembra+;8;Huertas Comunitarias - Las Gardenias;15;Huertas;4;Postcontractual;9;Terminado;CALLE 96 CRA 1E;;
234;Siembra+;8;Huertas Comunitarias - Lipaya;15;Huertas;4;Postcontractual;9;Terminado;CALLE 73D CARRERA 9J1 ;;
235;PDO;7;Centro Comercial Estadio Metropolitano;11;Escenarios deportivos ;1;Formulación;1;Proyecto_Fase_I_Prefactibilidad;;;
236;PDO;7;Movistar Arena;9;Edificaciones culturales ;1;Formulación;1;Proyecto_Fase_I_Prefactibilidad;;;
237;PDO;7;Noria - Gran Malecón;16;Malecón ;3;Contractual;7;En_Ejecución;;;
238;PDO;7;Puerto de Aguas Profundas - Canal de Acceso;7;Consultoría;1;Formulación;1;Proyecto_Fase_I_Prefactibilidad;;;
239;PDO;7;Riesgos POT;7;Consultoría;4;Postcontractual;9;Terminado;;;
240;PDO;7;Ecoparque Mallorquin-1252 - UF-4 Distrito Aventura;8;EcoParque Mallonquín;4;Postcontractual;9;Terminado;;;
241;PDO;7;Recuperación Caños - Ahuyama y Mercado [Estudios y Diseños] (AECID);27;Tranformación de Entornos Urbanos;4;Postcontractual;9;Terminado;;;
242;PDO;7;Ecoparque Mallorquin-BID - Plan de Recuperación Ambiental;8;EcoParque Mallonquín;1;Formulación;3;Proyecto_Fase_III_Diseños_definitivos_y_detalles;;;
243;PDO;7;Ecoparque Mallorquin-1087 - UF 3 - Tierra (Antiguo Botadero);8;EcoParque Mallonquín;3;Contractual;7;En_Ejecución;;;
244;PDO;7;Hyper Scale Data Center;7;Consultoría;1;Formulación;1;Proyecto_Fase_I_Prefactibilidad;;;
245;PDO;7;IUB_Baq - S. Centro Histórico, Renovación Fase I [Piso 1 + Dotación];28;Universidad;4;Postcontractual;9;Terminado;Calle 42 #45-22;;
246;PDO;7;IUB_Baq - S. Centro Histórico, Renovación Fase II [Laboratorio, Aulas P2 y Cerramiento];28;Universidad;4;Postcontractual;3;Proyecto_Fase_III_Diseños_definitivos_y_detalles;Calle 42 #45-22;;
247;PDO;7;IUB_Baq - S. Centro Histórico, Renovación Fase Mantenimiento [Aulas, Reforzamiento estructural y Cubierta];28;Universidad;4;Postcontractual;7;En_Ejecución;Calle 42 #45-22;;
248;PDO;7;IUB_Baq - S. Centro Histórico, Renovación Fase III [Reforzamiento Estructural y Aulas P2];28;Universidad;3;Contractual;7;En_Ejecución;Calle 42 #45-22;;
249;K-yena;5;Ener_Sostenible-4482 - INSTECO Jesus Misericordioso N1;13;Generación;3;Contractual;7;En_Ejecución;Cra 4 Sur # 99C-46;;
250;K-yena;5;Ener_Sostenible-4482 - PASO Ferry;13;Generación;4;Postcontractual;9;Terminado;Cra. 7b # 6 - 203;;
251;K-yena;5;Ener_Sostenible-4482 - PASO Las Palmas;13;Generación;4;Postcontractual;9;Terminado;CRA 7 D # 34 - 55;;
252;K-yena;5;Ener_Sostenible-4482 - PASO Universal;13;Generación;4;Postcontractual;9;Terminado;CALLE 96 CRA 1 G;;
253;K-yena;5;Ener_Sostenible-4482 - Pista de Atletismo;13;Generación;4;Postcontractual;9;Terminado;CRA 1 SUR N#45-99;;
254;K-yena;5;Ener_Sostenible-4482 - PASO Rebolo;13;Generación;4;Postcontractual;9;Terminado;CALLE 16 # 29-44;;
255;K-yena;5;Ener_Sostenible-4482 - PASO San José;13;Generación;4;Postcontractual;9;Terminado;Carrera 21 # 39 - 59;;
256;K-yena;5;Ener_Sostenible-4482 - IED para el desarrollo humano Maria Cano ;13;Generación;3;Contractual;7;En_Ejecución;CARRERA 8G # 35A - 33;;
257;K-yena;5;Ener_Sostenible-4482 - PASO Santo Domingo;13;Generación;4;Postcontractual;9;Terminado;Calle 53 N° 3A-22;;
258;K-yena;5;Ener_Sostenible-4482 - PASO Nueva Era;13;Generación;4;Postcontractual;9;Terminado;Cra 27 N° 83- 116;;
259;K-yena;5;Ener_Sostenible-4482 - PASO Juan Mina;13;Generación;4;Postcontractual;9;Terminado;Calle 7 # 6-33;;
260;K-yena;5;Ener_Sostenible-4482 - PASO Las Malvinas;13;Generación;3;Contractual;7;En_Ejecución;Calle 99 C N° 9 C- 33;;
261;K-yena;5;Ener_Sostenible-4482 - PASO Rosour;13;Generación;3;Contractual;7;En_Ejecución;Calle 98 N° 9G-10;;
262;K-yena;5;Ener_Sostenible-4482 - PASO La Villa;13;Generación;3;Contractual;7;En_Ejecución;Cra 9G # 97A - 18;;
263;K-yena;5;Ener_Sostenible-4482 - PASO Julio Montes;13;Generación;4;Postcontractual;9;Terminado;Carrera 23 # 27-16;;
264;K-yena;5;Ener_Sostenible-4482 - PASO La sierrita ;13;Generación;4;Postcontractual;9;Terminado;Cl. 74 #5E-0;;
265;K-yena;5;Ener_Sostenible-4482 - IED Del Barrio Simon Bolivar;13;Generación;3;Contractual;7;En_Ejecución;Cra. 7d #17 - 89;;
266;K-yena;5;Ener_Sostenible-4482 - IED de formacion Integral;13;Generación;4;Postcontractual;9;Terminado;Cl. 24b #4-02;;
267;K-yena;5;Ener_Sostenible-4482 - IED Inmaculada Concepcion (ANT. CEB N.005);13;Generación;4;Postcontractual;9;Terminado;Tv. 1f # 88 - 60;;
268;K-yena;5;Ener_Sostenible-4482 - IED de las Nieves N1;13;Generación;4;Postcontractual;9;Terminado;Cra 15 # 21 - 15;;
269;K-yena;5;Ener_Sostenible-4482 - CD Jose Eusebio Caro NC1 ;13;Generación;3;Contractual;8;Suspendido;Cra 33 # 45 - 71;;
270;K-yena;5;Ener_Sostenible-4482 - CD Santo Domingo de Guzman CEB N.027;13;Generación;4;Postcontractual;9;Terminado;Cra. 2 #78-36;;
271;K-yena;5;Ener_Sostenible-4482 - Bomberos Tecnoglass;13;Generación;3;Contractual;8;Suspendido;Cl. 110 #53-1670;;
272;K-yena;5;Ener_Sostenible-4482 - Bomberos el Eden;13;Generación;3;Contractual;7;En_Ejecución;Calle 83B con 27;;
273;K-yena;5;Ener_Sostenible-4482 - Casa Ludica La Paz;13;Generación;3;Contractual;8;Suspendido;Cl. 104 #14-70;;
274;K-yena;5;Ener_Sostenible-4482 - Escuela Normal Superior del Distrito;10;Eficiencia_Energética;4;Postcontractual;9;Terminado;Calle 47 # 44 - 100;;
275;K-yena;5;Ener_Sostenible-4482 - Instituto Distrital de Experiencias Pedagógicas IDEP;10;Eficiencia_Energética;4;Postcontractual;9;Terminado;CLL 55 # 43-77 ;;
276;K-yena;5;Ener_Sostenible-4482 - IED Helena de Chauvin;10;Eficiencia_Energética;4;Postcontractual;9;Terminado;K 20C 21 66;;
277;K-yena;5;Ener_Sostenible-4482 - IED María Inmaculada;10;Eficiencia_Energética;4;Postcontractual;9;Terminado;Cra. 29 #70B-60;;
278;K-yena;5;Ener_Sostenible-4482 - IED Santa Magdalena Sofía 2;10;Eficiencia_Energética;4;Postcontractual;9;Terminado;Cl. 84b #76-17;;
279;K-yena;5;Ener_Sostenible-4482 - IED Betania Norte (ANT JARDIN INF. DIS. 001);10;Eficiencia_Energética;4;Postcontractual;9;Terminado;CLL 76 # 38A;;
280;K-yena;5;Ener_Sostenible-4482 - IED Juan Acosta Solera;10;Eficiencia_Energética;4;Postcontractual;9;Terminado;CL 112 B 24 14;;
281;K-yena;5;Ener_Sostenible-4482 - IED Jorge ISSAC;13;Generación;3;Contractual;7;En_Ejecución;Cra 4A # 24B -21;;
282;K-yena;5;Ener_Sostenible-4482 - Pista BMX;13;Generación;3;Contractual;7;En_Ejecución;Cra 73 con 95;;
283;K-yena;5;Ener_Sostenible-4482 - IED Santa María;13;Generación;3;Contractual;7;En_Ejecución;Cra. 5 Sur #78b- 80;;
284;K-yena;5;Ener_Sostenible-4482 - PASO Esmeralda Lipaya;13;Generación;4;Postcontractual;9;Terminado;Calle 73 N°12-19;;
285;K-yena;5;Ener_Sostenible-4482 - PASO Nueva Vida;13;Generación;3;Contractual;7;En_Ejecución;Cra. 9 Sur #49-16;;
286;K-yena;5;Ener_Sostenible-4482 -  IED SANTA BERNARDITA ;10;Eficiencia_Energética;4;Postcontractual;9;Terminado;Calle 69d # 39 - 23 ;;
287;K-yena;5;Ener_Sostenible-4482 -  Colegio Dsitritral Juan José Rondon ;10;Eficiencia_Energética;4;Postcontractual;9;Terminado;Cra 25B # 68 - 20;;
288;K-yena;5;Ener_Sostenible-4482 - CAI Los Olivos;13;Generación;3;Contractual;7;En_Ejecución;Cra. 20 #112d-2;;
289;K-yena;5;Ener_Sostenible-4482 - CAI Las Gardenias;13;Generación;3;Contractual;7;En_Ejecución;Cl. 96 #1e-5,;;
290;K-yena;5;Ener_Sostenible-4482 - Centro de Vida Bajo Valle;13;Generación;3;Contractual;8;Suspendido;K 18 # 71 - 13;;
291;K-yena;5;Ener_Sostenible-4482 - PASO San Salvador;13;Generación;4;Postcontractual;9;Terminado;Calle 84 # 80 - 30;;
292;K-yena;5;Ener_Sostenible-4482 - CAI Villa Carolina;13;Generación;3;Contractual;7;En_Ejecución;Cra 71 # 89 - 22;;
293;K-yena;5;Ener_Sostenible-4482 - CAI Los Andes;13;Generación;4;Postcontractual;9;Terminado;CL 64 # 23 - 126;;
294;K-yena;5;Ener_Sostenible-4482 - IED Santa Magdalena Sofía NIC 1;13;Generación;3;Contractual;7;En_Ejecución;Cl. 84b #76-17;;
295;K-yena;5;Ener_Sostenible-4482 - Escuela Normal Superior La Hacienda;13;Generación;4;Postcontractual;9;Terminado;Cra 35 # 72 - 83;;
296;K-yena;5;Ener_Sostenible-4482 - Instituto Alexander Von Humboldt;13;Generación;3;Contractual;7;En_Ejecución;Cra 35 # 72 - 35;;
297;K-yena;5;Ener_Sostenible-4482 - IED Calixto Alvarez;13;Generación;3;Contractual;7;En_Ejecución;Cra 15 # 21 - 11;;
298;K-yena;5;Ener_Sostenible-4482 - IED  José Martí;13;Generación;4;Postcontractual;9;Terminado;Cra 8 # 17 - 40;;
299;K-yena;5;Ener_Sostenible-4482 - PASO Galán Nuevo;13;Generación;3;Contractual;7;En_Ejecución;Cra 2 # 38B - 08;;
300;K-yena;5;Ener_Sostenible-4482 - IED Luis Carlos Galán Sarmiento;13;Generación;3;Contractual;7;En_Ejecución;KR 7 A # - 6 32;;
301;K-yena;5;Ener_Sostenible-4482 - IED Rodolfo Llinás Riascos;13;Generación;3;Contractual;7;En_Ejecución;CL 35 # 7B - 40;;
302;K-yena;5;Ener_Sostenible-4482 - Colegio Distrital San José;13;Generación;3;Contractual;7;En_Ejecución;Cra 21 # 39 - 10;;
303;K-yena;5;Ener_Sostenible-4482 - IED Tec Div Alberto Assa;13;Generación;3;Contractual;7;En_Ejecución;CL 101 # 6 L - 170 ;;
304;K-yena;5;Ener_Sostenible-4482 - Inst Tec nal de Comercio;13;Generación;3;Contractual;7;En_Ejecución;Cra. 62 #52-85;;
305;K-yena;5;Ener_Sostenible-4482 -  IED Miguel Angel Builes;10;Eficiencia_Energética;4;Postcontractual;9;Terminado;KR 2 F 50 D 27;;
306;K-yena;5;Ener_Sostenible-4482 -  IED Ciudadela Estudiantil;10;Eficiencia_Energética;4;Postcontractual;9;Terminado;Cra. 1 #47 - 49;;
307;K-yena;5;Ener_Sostenible-4482 -  Inst Tec de Comercio de Barranquilla;10;Eficiencia_Energética;4;Postcontractual;9;Terminado;Cl. 47 #42-60;;
308;K-yena;5;Ener_Sostenible - Parque Fotovoltaico;13;Generación;3;Contractual;7;En_Ejecución;EL REPOSO LT 1;;
309;K-yena;5;Ener_Sostenible-4482 -  IED Fundación Pies Descalzos La Playa;10;Eficiencia_Energética;4;Postcontractual;9;Terminado;Cl. 14 #17-80;;
310;K-yena;5;Ener_Sostenible-4482 -  IED Nuevo Bosque Pies Descalzos;10;Eficiencia_Energética;4;Postcontractual;9;Terminado;CRA 9G # 135B - 7;;
311;K-yena;5;Ener_Sostenible-4482 -  Colegio Distrital Camilo Torres Tenorio;10;Eficiencia_Energética;4;Postcontractual;9;Terminado;CRA 35 # 51B - 37;;
312;K-yena;5;Ener_Sostenible-4482 - IED Brisas del Río;10;Eficiencia_Energética;3;Contractual;7;En_Ejecución;Via 40 # 46A - 50;;
313;K-yena;5;Ener_Sostenible-4482 - IED Manuel Elkin Patarroyo;10;Eficiencia_Energética;3;Contractual;7;En_Ejecución;Cra 26 # 85 - 199;;
314;K-yena;5;Ener_Sostenible-4482 - IED La Magdalena;10;Eficiencia_Energética;3;Contractual;7;En_Ejecución;Calle 41 # 7 - 07;;
315;K-yena;5;Ener_Sostenible-4482 - Colegio Dist Tecnico Rebolo;10;Eficiencia_Energética;3;Contractual;7;En_Ejecución;Calle 6A # 32 - 05;;
316;K-yena;5;Ener_Sostenible-4482 - IED Antonio José de Sucre Sede 1;10;Eficiencia_Energética;3;Contractual;7;En_Ejecución;Calle 54 # 64 - 30;;
317;K-yena;5;Ener_Sostenible-4482 - IED Antonio José de Sucre Sede 2;10;Eficiencia_Energética;3;Contractual;7;En_Ejecución;Cra 65 # 52 - 19;;
318;K-yena;5;Ener_Sostenible-4482 - IED Evelyne Abuchaibe de Daes;10;Eficiencia_Energética;3;Contractual;7;En_Ejecución;Calle 17A # 13 - 190;;
319;K-yena;5;Ener_Sostenible - GD Las Gardenias;13;Generación;3;Contractual;7;En_Ejecución;Calle 98 # 2Sur - 5;;
320;IUB;4;IUB_Baq - S. Centro Histórico, Renovación Fase III [Reforzamiento Estructural y Aulas P2];28;Universidad;3;Contractual;7;En_Ejecución;Calle 42 #45-22;;
321;IUB;4;IUB_Baq - S. Plaza de la Paz, Construcción CTD, Adecuación Laboratorios y Baños;28;Universidad;3;Contractual;7;En_Ejecución;Carrera 45 #48-31;;
322;IUB;4;IUB_Sol - S. Lote, Cerramiento y Área deportiva;28;Universidad;3;Contractual;7;En_Ejecución;MZ 6 URB Ciiudad del Puerto;;
323;IUB;4;IUB_Baq - S. Centro Histórico, Renovación Fase III [Aulas, Reforzamiento estructural y Cubierta];28;Universidad;3;Contractual;7;En_Ejecución;Calle 42 #45-22;;
324;IUB;4;IUB_Sol - S. Lote, Construcción Nueva Sede;28;Universidad;1;Formulación;3;Proyecto_Fase_III_Diseños_definitivos_y_detalles;MZ 6 URB Ciiudad del Puerto;;
